"source","target"
"1","2"
"2","3"
"3","4"
"4","5"
"5","6"
"6","7"
"7","8"
"8","9"
"9","10"
"10","11"
"11","12"
"12","13"
"13","14"
"14","15"
"15","16"
"16","17"
"17","18"
"18","19"
"19","20"
"20","21"
"21","22"
"22","23"
"23","24"
"24","25"
"25","26"
"26","27"
"27","28"
"28","29"

"29","29"
"29","28"
"28","27"
"27","26"
"26","30"
"30","31"
"31","32"
"32","33"
"33","34"
"34","35"

"36","37"
"37","38"
"38","39"
"39","40"
"40","41"
"41","42"
"42","43"
"43","44"
"44","45"
"45","46"
"46","47"
"47","48"
"48","49"
"49","50"
"50","23"
"23","24"
"24","32"
"32","51"
"51","52"

"1","2"
"2","3"
"3","4"
"4","53"
"53","54"
"54","55"
"55","56"
"56","57"
"57","58"
"58","10"
"10","59"
"59","60"
"60","61"
"61","62"
"62","63"
"63","64"
"64","65"
"65","66"
"66","33"
"33","32"
"32","31"
"31","30"
"30","67"
"67","68"
"68","69"
"69","70"
"70","71"
"71","72"
"72","73"
"73","74"
"74","75"

"76","77"
"77","78"
"78","79"
"79","80"
"80","43"
"43","44"
"44","45"
"45","46"
"46","47"
"47","81"
"81","82"
"82","83"
"83","84"
"84","85"
"85","86"
"86","25"
"25","26"
"26","27"
"27","28"
"28","29"

"87","88"
"88","89"
"89","31"
"31","32"
"32","33"
"33","66"
"66","21"
"21","20"
"20","19"
"19","18"
"18","17"

"90","91"
"91","92"
"92","93"
"93","94"
"94","95"
"95","96"
"96","97"
"97","82"
"82","83"
"83","84"
"84","85"
"85","86"
"86","25"
"25","26"
"26","30"
"30","67"
"67","68"
"68","69"
"69","70"
"70","71"
"71","72"
"72","73"
"73","74"
"74","75"

"98","99"
"99","100"
"100","101"
"101","102"
"102","103"
"103","104"
"104","8"
"8","9"
"9","10"
"10","59"
"59","60"
"60","61"
"61","62"
"62","63"
"63","64"
"64","65"
"65","66"
"66","21"
"21","105"
"105","106"
"106","107"
"107","108"
"108","109"
"109","110"
"110","44"
"44","43"
"43","42"
"42","41"
"41","40"
"40","39"
"39","38"
"38","37"

"111","112"
"112","109"
"109","110"
"110","45"
"45","46"
"46","47"
"47","81"
"81","82"
"82","97"
"97","96"
"96","95"
"95","94"
"94","94"
"94","113"
"113","114"
"114","115"
"115","116"
"116","117"
"117","118"
"118","119"
"119","120"

"94","113"
"113","114"
"114","121"
"121","122"
"122","123"
"123","124"
"124","125"
"125","126"
"126","84"
"84","23"
"23","22"
"22","21"
"21","66"
"66","65"
"65","64"

"36","37"
"37","38"
"38","39"
"39","40"
"40","41"
"41","42"
"42","43"
"43","44"
"44","45"
"45","46"
"46","47"
"47","81"
"81","82"
"82","83"
"83","84"
"84","85"
"85","86"
"86","25"
"25","26"
"26","30"
"30","67"
"67","68"
"68","69"
"69","70"
"70","71"
"71","72"

"98","99"
"99","100"
"100","101"
"101","102"
"102","103"
"103","104"
"104","8"
"8","9"
"9","10"
"10","11"
"11","12"
"12","13"
"13","14"
"14","15"
"15","16"
"16","17"
"17","18"
"18","19"
"19","20"
"20","21"
"21","66"
"66","33"
"33","32"
"32","31"
"31","30"
"30","67"
"67","68"
"68","69"
"69","70"
"70","71"
"71","72"

"98","99"
"99","100"
"100","101"
"101","102"
"102","103"
"103","104"
"104","8"
"8","127"
"127","57"
"57","56"
"56","55"

"90","91"
"91","92"
"92","93"
"93","94"
"94","95"
"95","96"
"96","97"
"97","82"
"82","48"
"48","49"
"49","50"
"50","23"
"23","22"
"22","21"
"21","66"
"66","65"
"65","64"

"111","112"
"112","109"
"109","108"
"108","107"
"107","106"
"106","105"
"105","21"
"21","66"
"66","33"
"33","32"
"32","24"
"24","25"
"25","26"
"26","128"
"128","129"
"129","130"
"130","131"
"131","132"

"133","55"
"55","56"
"56","57"
"57","127"
"127","8"
"8","104"
"104","103"
"103","102"
"102","134"
"134","135"

"90","91"
"91","92"
"92","93"
"93","94"
"94","113"
"113","114"
"114","121"
"121","122"
"122","123"
"123","124"
"124","125"
"125","126"
"126","84"
"84","23"
"23","22"
"22","21"
"21","20"
"20","19"
"19","18"
"18","17"
"17","16"
"16","15"
"15","14"
"14","13"
"13","12"
"12","11"
"11","10"
"10","58"
"58","57"
"57","56"
"56","55"
"55","136"
"136","137"
"137","138"

"139","120"
"120","119"
"119","118"
"118","117"
"117","116"
"116","115"
"115","114"
"114","113"
"113","94"
"94","94"
"94","95"
"95","96"
"96","97"
"97","82"
"82","81"
"81","47"
"47","46"
"46","45"
"45","44"
"44","43"
"43","42"
"42","41"
"41","40"
"40","39"
"39","38"
"38","37"

"76","77"
"77","78"
"78","79"
"79","80"
"80","43"
"43","44"
"44","45"
"45","46"
"46","47"
"47","48"
"48","49"
"49","50"
"50","23"
"23","24"
"24","32"
"32","31"
"31","30"
"30","67"
"67","68"
"68","69"
"69","70"
"70","71"
"71","72"
"72","73"
"73","74"
"74","75"

"87","52"
"52","140"
"140","66"
"66","21"
"21","105"
"105","106"
"106","107"
"107","108"
"108","109"
"109","110"
"110","44"
"44","43"
"43","80"
"80","79"
"79","78"
"78","77"

"139","120"
"120","119"
"119","118"
"118","117"
"117","116"
"116","115"
"115","121"
"121","122"
"122","123"
"123","124"
"124","125"
"125","126"
"126","84"
"84","23"
"23","24"
"24","32"
"32","33"
"33","66"
"66","65"
"65","64"
"64","63"
"63","62"
"62","61"
"61","60"
"60","59"
"59","10"
"10","9"
"9","8"
"8","104"
"104","103"
"103","102"
"102","134"
"134","135"

"141","142"
"142","143"
"143","144"
"144","57"
"57","58"
"58","10"
"10","59"
"59","60"
"60","61"
"61","62"
"62","63"
"63","64"
"64","65"
"65","66"
"66","33"
"33","32"
"32","24"
"24","86"
"86","85"
"85","84"
"84","83"
"83","82"
"82","97"
"97","96"
"96","95"

"139","120"
"120","119"
"119","118"
"118","117"
"117","116"
"116","115"
"115","121"
"121","122"
"122","123"
"123","124"
"124","125"
"125","126"
"126","84"
"84","85"
"85","86"
"86","25"
"25","26"
"26","30"
"30","31"
"31","89"
"89","88"
"88","87"
"87","52"
"52","140"
"140","66"
"66","65"
"65","64"
"64","63"
"63","62"
"62","61"
"61","60"
"60","59"
"59","10"
"10","9"
"9","8"
"8","7"
"7","6"
"6","5"
"5","4"
"4","3"
"3","2"

"145","146"
"146","48"
"48","82"
"82","83"
"83","84"
"84","85"
"85","86"
"86","25"
"25","26"
"26","128"
"128","129"
"129","130"
"130","131"
"131","132"

"57","58"
"58","10"
"10","11"
"11","12"
"12","13"
"13","14"
"14","15"
"15","16"
"16","17"
"17","18"
"18","19"
"19","20"
"20","21"
"21","66"
"66","33"
"33","32"
"32","24"
"24","23"
"23","84"
"84","126"
"126","125"
"125","124"
"124","123"
"123","122"
"122","121"
"121","115"
"115","116"
"116","117"
"117","118"
"118","119"
"119","120"

"147","135"
"135","134"
"134","102"
"102","103"
"103","104"
"104","8"
"8","9"
"9","10"
"10","59"
"59","60"
"60","61"
"61","62"
"62","63"
"63","64"
"64","65"
"65","66"
"66","33"
"33","32"
"32","31"
"31","30"
"30","67"
"67","68"
"68","69"
"69","70"
"70","71"
"71","72"
"72","73"
"73","74"
"74","75"

"36","37"
"37","38"
"38","39"
"39","40"
"40","41"
"41","42"
"42","43"
"43","44"
"44","45"
"45","46"
"46","47"
"47","48"
"48","49"
"49","50"
"50","23"
"23","24"
"24","25"
"25","26"
"26","30"
"30","31"
"31","32"
"32","51"
"51","52"

"29","148"
"148","149"

"150","125"
"125","125"
"125","124"
"124","123"
"123","151"
"151","148"
"148","149"

"152","153"
"153","154"
"154","155"
"155","156"
"156","70"
"70","71"
"71","157"
"157","158"
"158","159"
"159","160"
"160","161"
"161","162"
"162","163"
"163","164"
"164","165"
"165","166"
"166","167"
"167","168"
"168","169"
"169","170"

"171","58"
"58","10"
"10","11"
"11","172"
"172","173"
"173","174"
"174","175"
"175","176"
"176","177"
"177","178"
"178","179"

"180","181"
"181","182"
"182","183"
"183","184"
"184","185"
"185","186"
"186","187"
"187","188"
"188","52"

"94","94"
"94","114"
"114","115"
"115","116"
"116","189"
"189","190"
"190","191"
"191","192"
"192","193"
"193","194"
"194","195"
"195","196"
"196","197"

"198","45"
"45","44"
"44","199"
"199","200"
"200","201"
"201","202"
"202","203"
"203","204"
"204","205"
"205","206"
"206","207"
"207","208"
"208","209"
"209","210"
"210","211"
"211","212"
"212","213"
"213","214"

"215","129"
"129","27"
"27","28"
"28","29"
"29","148"
"148","216"
"216","217"
"217","218"
"218","219"
"219","220"
"220","221"
"221","222"
"222","223"
"223","224"
"224","225"

"171","226"
"226","227"
"227","7"
"7","6"
"6","5"
"5","3"
"3","228"
"228","229"
"229","230"
"230","231"
"231","232"
"232","233"
"233","234"
"234","235"
"235","236"
"236","237"
"237","238"
"238","239"
"239","240"
"240","241"
"241","242"

"243","244"
"244","245"
"245","246"
"246","247"
"247","248"
"248","247"
"247","246"
"246","249"
"249","250"
"250","251"
"251","252"
"252","253"
"253","254"
"254","255"
"255","256"
"256","257"

"150","125"
"125","125"
"125","258"
"258","259"
"259","151"
"151","260"
"260","261"
"261","262"
"262","263"
"263","264"
"264","265"
"265","266"
"266","267"
"267","268"
"268","269"
"269","270"
"270","271"
"271","272"
"272","273"

"274","10"
"10","11"
"11","172"
"172","173"
"173","174"
"174","175"
"175","176"
"176","275"
"275","276"
"276","277"
"277","278"
"278","279"
"279","280"

"281","282"
"282","188"
"188","187"
"187","186"
"186","185"
"185","184"
"184","283"
"283","284"
"284","285"
"285","286"
"286","287"

"55","54"
"54","53"
"53","288"
"288","230"
"230","231"
"231","232"
"232","233"
"233","234"
"234","235"
"235","289"
"289","290"
"290","291"
"291","292"

"152","293"
"293","294"
"294","295"
"295","296"
"296","297"
"297","298"
"298","299"
"299","300"
"300","301"
"301","302"
"302","303"
"303","304"

"152","293"
"293","294"
"294","305"
"305","306"
"306","307"
"307","308"
"308","309"
"309","310"
"310","311"
"311","312"
"312","313"
"313","314"
"314","315"
"315","303"
"303","302"
"302","301"
"301","300"
"300","299"
"299","298"
"298","316"
"316","75"
"75","317"

"171","226"
"226","227"
"227","7"
"7","6"
"6","5"
"5","318"
"318","319"
"319","320"
"320","321"
"321","322"
"322","323"
"323","324"
"324","325"
"325","3"
"3","1"
"1","326"
"326","327"
"327","328"
"328","329"

"98","99"
"99","330"
"330","331"
"331","332"
"332","333"
"333","334"
"334","102"
"102","103"
"103","335"
"335","336"
"336","7"
"7","337"
"337","338"
"338","56"
"56","339"
"339","340"
"340","143"
"143","341"
"341","144"
"144","342"
"342","343"
"343","344"
"344","345"
"345","346"
"346","347"
"347","348"
"348","349"
"349","350"
"350","351"

"150","125"
"125","125"
"125","352"
"352","27"
"27","129"
"129","128"
"128","30"
"30","31"
"31","32"
"32","33"
"33","66"
"66","353"
"353","354"
"354","355"
"355","356"
"356","357"
"357","358"

"359","103"
"103","104"
"104","334"
"334","333"
"333","332"
"332","360"
"360","361"
"361","362"
"362","363"
"363","363"
"363","364"
"364","365"
"365","355"
"355","354"
"354","366"
"366","66"
"66","21"
"21","19"
"19","17"
"17","367"
"367","368"
"368","369"
"369","112"
"112","111"
"111","351"
"351","350"
"350","349"
"349","348"
"348","370"
"370","371"
"371","372"
"372","373"

"47","47"
"47","107"
"107","107"
"107","374"
"374","368"
"368","369"
"369","375"
"375","376"

"377","378"
"378","351"
"351","111"
"111","112"
"112","109"
"109","368"
"368","367"
"367","17"
"17","16"
"16","14"
"14","379"
"379","63"
"63","380"
"380","381"
"381","365"
"365","364"
"364","363"
"363","382"

"51","52"
"52","188"
"188","187"
"187","186"
"186","383"
"383","384"
"384","364"
"364","365"
"365","364"
"364","363"
"363","362"
"362","361"
"361","360"
"360","332"
"332","385"
"385","60"
"60","386"

"387","296"
"296","295"
"295","388"
"388","155"
"155","389"
"389","390"
"390","88"
"88","88"
"88","52"

"243","244"
"244","245"
"245","391"
"391","392"
"392","393"
"393","394"
"394","395"
"395","396"
"396","397"
"397","398"

"55","56"
"56","226"
"226","127"
"127","8"
"8","104"
"104","334"
"334","333"
"333","332"
"332","360"
"360","361"
"361","362"
"362","363"
"363","363"
"363","399"
"399","400"
"400","185"
"185","401"
"401","402"
"402","403"
"403","404"
"404","405"
"405","88"
"88","52"

"94","94"
"94","406"
"406","407"
"407","408"
"408","409"
"409","76"
"76","410"
"410","411"
"411","412"
"412","413"
"413","414"
"414","206"
"206","415"
"415","416"
"416","417"
"417","418"
"418","419"
"419","420"
"420","40"
"40","39"
"39","38"
"38","37"
"37","36"
"36","421"
"421","422"
"422","423"
"423","424"
"424","425"
"425","426"
"426","427"

"215","428"
"428","429"
"429","430"
"430","159"
"159","160"
"160","161"
"161","162"
"162","431"
"431","432"

"433","409"
"409","76"
"76","410"
"410","434"
"434","435"
"435","436"
"436","437"
"437","438"
"438","439"
"439","440"
"440","441"
"441","442"
"442","443"
"443","444"
"444","445"
"445","446"

"152","403"
"403","402"
"402","447"
"447","448"
"448","449"
"449","285"
"285","284"
"284","283"
"283","450"

"55","54"
"54","53"
"53","5"
"5","318"
"318","319"
"319","320"
"320","451"
"451","452"
"452","453"
"453","454"
"454","455"
"455","332"
"332","360"
"360","361"
"361","362"
"362","363"
"363","363"
"363","399"
"399","400"
"400","185"
"185","401"
"401","402"
"402","403"
"403","152"
"152","293"
"293","294"
"294","295"
"295","296"

"55","56"
"56","226"
"226","227"
"227","7"
"7","336"
"336","335"
"335","103"
"103","102"
"102","101"
"101","100"
"100","99"
"99","98"
"98","456"
"456","457"
"457","361"
"361","362"
"362","363"
"363","363"
"363","458"
"458","184"
"184","185"
"185","186"
"186","187"
"187","188"
"188","88"
"88","459"
"459","68"
"68","460"
"460","461"
"461","157"
"157","462"
"462","463"
"463","464"
"464","316"
"316","75"
"75","317"
"317","465"
"465","466"
"466","467"
"467","468"
"468","469"
"469","470"

"243","244"
"244","245"
"245","471"
"471","472"
"472","473"
"473","474"
"474","475"
"475","476"

"477","477"
"477","180"
"180","382"
"382","363"
"363","362"
"362","361"
"361","360"
"360","332"
"332","385"
"385","60"
"60","386"
"386","274"
"274","478"
"478","479"
"479","104"
"104","8"
"8","127"
"127","226"
"226","56"
"56","55"
"55","54"
"54","53"
"53","325"
"325","480"

"198","45"
"45","44"
"44","43"
"43","481"
"481","482"
"482","483"
"483","484"
"484","485"
"485","486"
"486","487"
"487","488"
"488","489"
"489","490"
"490","491"

"492","420"
"420","40"
"40","42"
"42","43"
"43","493"
"493","494"
"494","495"
"495","496"
"496","497"
"497","96"
"96","498"
"498","125"
"125","352"
"352","27"
"27","129"
"129","460"
"460","461"
"461","70"
"70","156"
"156","155"
"155","499"
"499","295"
"295","294"
"294","305"
"305","500"
"500","501"

"90","502"
"502","503"
"503","504"
"504","505"
"505","506"
"506","439"
"439","440"
"440","441"
"441","507"
"507","508"
"508","509"
"509","510"
"510","511"
"511","443"
"443","444"
"444","445"
"445","446"

"512","513"
"513","514"
"514","515"
"515","516"
"516","515"
"515","517"
"517","518"
"518","519"
"519","520"
"520","521"
"521","522"
"522","92"

"171","127"
"127","8"
"8","104"
"104","334"
"334","333"
"333","332"
"332","360"
"360","361"
"361","362"
"362","363"
"363","363"
"363","364"
"364","365"
"365","355"
"355","354"
"354","366"
"366","66"
"66","33"
"33","32"
"32","31"
"31","30"
"30","128"
"128","428"
"428","429"
"429","430"
"430","159"
"159","160"
"160","161"
"161","162"
"162","163"
"163","523"
"523","524"
"524","167"
"167","525"
"525","526"
"526","527"

"147","135"
"135","528"
"528","529"
"529","134"
"134","102"
"102","103"
"103","335"
"335","336"
"336","7"
"7","227"
"227","226"
"226","56"
"56","530"
"530","340"
"340","143"
"143","341"
"341","144"
"144","342"
"342","343"
"343","344"
"344","345"
"345","346"

"531","501"
"501","500"
"500","305"
"305","294"
"294","388"
"388","154"
"154","405"
"405","88"
"88","52"
"52","51"
"51","32"

"94","94"
"94","406"
"406","407"
"407","408"
"408","409"
"409","76"
"76","410"
"410","434"
"434","435"
"435","436"
"436","437"
"437","438"
"438","439"

"47","47"
"47","107"
"107","367"
"367","368"
"368","369"
"369","112"
"112","111"
"111","351"
"351","378"
"378","377"
"377","532"
"532","350"
"350","349"
"349","533"
"533","534"
"534","535"
"535","347"
"347","536"
"536","537"
"537","538"

"147","135"
"135","528"
"528","529"
"529","134"
"134","101"
"101","330"
"330","331"
"331","332"
"332","539"
"539","364"
"364","384"
"384","383"
"383","540"
"540","186"
"186","187"
"187","188"
"188","88"
"88","459"
"459","68"
"68","460"
"460","461"
"461","157"

"243","244"
"244","245"
"245","246"
"246","541"
"541","542"
"542","543"
"543","544"
"544","545"
"545","546"
"546","547"

"150","125"
"125","125"
"125","258"
"258","259"
"259","151"
"151","260"
"260","261"
"261","262"
"262","263"
"263","264"
"264","265"
"265","266"
"266","548"
"548","549"
"549","550"
"550","551"
"551","552"

"492","420"
"420","40"
"40","39"
"39","38"
"38","37"
"37","36"
"36","487"
"487","488"
"488","373"
"373","553"
"553","373"
"373","372"
"372","371"
"371","370"
"370","348"
"348","347"
"347","346"
"346","345"
"345","344"
"344","143"
"143","144"
"144","57"
"57","226"

"79","78"
"78","201"
"201","554"
"554","555"
"555","497"
"497","96"
"96","498"
"498","125"
"125","352"
"352","27"
"27","129"
"129","556"
"556","68"
"68","459"
"459","88"
"88","405"
"405","557"
"557","404"
"404","403"
"403","402"
"402","447"
"447","448"
"448","558"

"94","94"
"94","114"
"114","115"
"115","116"
"116","189"
"189","190"
"190","191"
"191","192"
"192","193"
"193","194"
"194","195"
"195","196"
"196","197"
"197","559"
"559","197"
"197","196"
"196","560"
"560","561"
"561","562"
"562","563"

"152","293"
"293","294"
"294","295"
"295","296"
"296","387"
"387","564"
"564","565"
"565","566"

"554","567"
"567","495"
"495","496"
"496","497"
"497","96"
"96","498"
"498","125"
"125","352"
"352","27"
"27","129"
"129","556"
"556","68"
"68","459"
"459","88"
"88","188"
"188","187"
"187","186"
"186","185"
"185","184"
"184","283"
"283","450"

"243","244"
"244","245"
"245","246"
"246","568"
"568","569"
"569","570"
"570","571"
"571","572"
"572","573"
"573","574"
"574","575"

"171","127"
"127","8"
"8","104"
"104","334"
"334","333"
"333","332"
"332","539"
"539","399"
"399","400"
"400","185"
"185","401"
"401","402"
"402","576"
"576","577"
"577","578"
"578","297"
"297","298"
"298","316"
"316","317"
"317","465"
"465","466"

"579","38"
"38","39"
"39","40"
"40","42"
"42","43"
"43","493"
"493","494"
"494","495"
"495","496"
"496","497"
"497","96"
"96","498"
"498","125"
"125","352"
"352","27"
"27","129"
"129","460"
"460","461"
"461","157"
"157","462"
"462","463"
"463","464"
"464","316"
"316","298"
"298","297"

"580","581"
"581","434"
"434","410"
"410","76"
"76","582"
"582","201"
"201","554"
"554","567"
"567","495"
"495","496"
"496","497"
"497","47"
"47","107"
"107","367"
"367","583"
"583","584"
"584","585"
"585","12"
"12","11"
"11","10"
"10","58"
"58","57"
"57","144"
"144","143"
"143","586"
"586","530"

"90","502"
"502","503"
"503","504"
"504","587"
"587","588"
"588","589"
"589","590"
"590","591"
"591","592"
"592","593"
"593","594"
"594","595"
"595","596"
"596","597"

"98","99"
"99","330"
"330","332"
"332","385"
"385","60"
"60","12"
"12","585"
"585","584"
"584","583"
"583","367"
"367","107"
"107","47"
"47","598"
"598","94"
"94","114"
"114","115"
"115","116"
"116","189"
"189","190"
"190","191"
"191","192"
"192","193"
"193","599"
"599","600"
"600","517"
"517","515"

"580","581"
"581","434"
"434","410"
"410","76"
"76","582"
"582","201"
"201","554"
"554","567"
"567","495"
"495","496"
"496","497"
"497","96"
"96","498"
"498","125"
"125","352"
"352","27"
"27","129"
"129","556"
"556","68"
"68","459"
"459","88"
"88","52"

"243","601"
"601","602"
"602","603"
"603","604"
"604","605"
"605","606"
"606","607"

"608","480"
"480","324"
"324","323"
"323","322"
"322","321"
"321","451"
"451","452"
"452","453"
"453","134"
"134","101"
"101","100"
"100","99"
"99","98"
"98","456"
"456","457"
"457","361"
"361","362"
"362","363"
"363","363"
"363","364"
"364","365"
"365","355"
"355","354"
"354","366"
"366","66"
"66","34"

"553","373"
"373","488"
"488","487"
"487","36"
"36","37"
"37","38"
"38","39"
"39","40"
"40","609"

"580","581"
"581","434"
"434","410"
"410","76"
"76","77"
"77","78"
"78","201"
"201","200"
"200","199"
"199","493"
"493","494"
"494","495"
"495","496"
"496","497"
"497","96"
"96","498"
"498","125"
"125","84"
"84","23"
"23","22"
"22","21"
"21","66"
"66","353"
"353","354"
"354","355"
"355","365"
"365","364"
"364","363"
"363","458"
"458","183"
"183","610"
"610","182"
"182","181"
"181","180"

"176","177"
"177","178"
"178","179"
"179","611"
"611","346"
"346","345"
"345","344"
"344","343"
"343","342"
"342","144"
"144","143"
"143","586"
"586","340"
"340","56"
"56","226"
"226","227"
"227","7"
"7","336"
"336","335"
"335","103"
"103","102"
"102","134"
"134","529"
"529","528"
"528","135"
"135","147"
"147","612"
"612","613"
"613","614"
"614","615"
"615","477"
"477","180"

"139","139"
"139","120"
"120","119"
"119","118"
"118","117"
"117","189"
"189","116"
"116","115"
"115","121"
"121","122"
"122","123"
"123","124"
"124","125"
"125","125"
"125","352"
"352","27"
"27","129"
"129","460"
"460","461"
"461","70"
"70","156"
"156","155"
"155","499"
"499","295"
"295","293"

"90","502"
"502","616"
"616","518"
"518","600"
"600","599"
"599","194"
"194","195"
"195","196"
"196","560"
"560","561"
"561","617"
"617","618"
"618","619"
"619","620"
"620","621"

"274","10"
"10","8"
"8","7"
"7","6"
"6","5"
"5","3"
"3","1"
"1","326"
"326","327"
"327","622"
"622","623"
"623","624"
"624","625"
"625","626"
"626","627"
"627","628"
"628","629"
"629","630"
"630","631"
"631","632"
"632","633"
"633","634"
"634","635"
"635","636"
"636","637"

"139","139"
"139","638"
"638","559"
"559","639"
"639","640"
"640","266"
"266","267"
"267","268"
"268","269"
"269","641"
"641","269"
"269","270"
"270","271"
"271","272"
"272","273"
"273","642"
"642","643"
"643","644"
"644","645"
"645","646"
"646","647"
"647","648"
"648","649"
"649","650"
"650","619"
"619","620"
"620","651"
"651","652"
"652","653"
"653","654"
"654","655"
"655","656"
"656","657"
"657","658"
"658","597"
"597","596"
"596","595"
"595","594"
"594","593"
"593","592"
"592","591"
"591","587"
"587","504"
"504","503"
"503","502"

"90","502"
"502","659"
"659","435"
"435","410"
"410","76"
"76","77"
"77","78"
"78","79"
"79","80"
"80","43"
"43","42"
"42","40"
"40","420"
"420","419"
"419","660"
"660","661"
"661","662"
"662","663"

"152","403"
"403","576"
"576","664"
"664","665"
"665","666"
"666","667"
"667","668"
"668","669"
"669","670"
"670","671"
"671","672"

"281","52"
"52","88"
"88","459"
"459","68"
"68","460"
"460","461"
"461","157"
"157","462"
"462","463"
"463","464"
"464","75"
"75","317"
"317","465"
"465","466"
"466","467"
"467","468"
"468","469"
"469","470"
"470","673"
"673","674"
"674","675"
"675","676"
"676","677"
"677","678"
"678","679"
"679","680"
"680","680"
"680","681"

"29","148"
"148","216"
"216","217"
"217","218"
"218","219"
"219","220"
"220","221"
"221","222"
"222","223"
"223","224"
"224","225"
"225","682"
"682","683"
"683","684"
"684","685"
"685","686"
"686","687"
"687","681"
"681","680"
"680","688"
"688","689"
"689","690"
"690","691"
"691","692"
"692","693"
"693","694"

"317","316"
"316","298"
"298","695"
"695","304"
"304","696"
"696","697"
"697","698"
"698","699"
"699","700"
"700","701"
"701","702"
"702","703"
"703","704"
"704","705"
"705","706"
"706","707"
"707","708"
"708","709"
"709","710"
"710","711"
"711","712"
"712","713"

"55","55"
"55","133"
"133","141"
"141","141"
"141","714"
"714","715"
"715","716"
"716","601"
"601","243"
"243","244"
"244","245"
"245","246"
"246","249"
"249","250"
"250","251"
"251","252"
"252","253"
"253","254"
"254","255"
"255","256"
"256","257"
"257","717"
"717","718"
"718","719"
"719","720"
"720","721"
"721","722"
"722","723"
"723","724"
"724","725"
"725","726"
"726","727"
"727","728"
"728","729"
"729","730"
"730","731"
"731","732"
"732","733"
"733","734"
"734","735"

"274","10"
"10","8"
"8","7"
"7","6"
"6","5"
"5","3"
"3","1"
"1","326"
"326","327"
"327","622"
"622","623"
"623","624"
"624","625"
"625","626"
"626","627"
"627","628"
"628","736"
"736","737"
"737","738"
"738","739"
"739","740"
"740","741"

"139","139"
"139","742"
"742","195"
"195","196"
"196","560"
"560","561"
"561","617"
"617","618"
"618","650"
"650","649"
"649","648"
"648","743"
"743","744"
"744","745"
"745","746"
"746","747"
"747","748"
"748","749"
"749","750"
"750","751"
"751","752"
"752","753"
"753","754"
"754","755"
"755","756"

"90","502"
"502","503"
"503","504"
"504","505"
"505","506"
"506","439"
"439","440"
"440","441"
"441","507"
"507","508"
"508","757"
"757","758"
"758","759"
"759","214"
"214","760"
"760","761"
"761","762"

"90","502"
"502","503"
"503","504"
"504","505"
"505","506"
"506","439"
"439","440"
"440","441"
"441","442"
"442","443"
"443","444"
"444","445"
"445","763"
"763","764"
"764","765"
"765","766"
"766","767"
"767","768"
"768","769"
"769","770"
"770","771"
"771","772"
"772","773"
"773","774"
"774","775"
"775","776"

"152","403"
"403","402"
"402","401"
"401","185"
"185","184"
"184","283"
"283","777"
"777","778"
"778","779"
"779","780"
"780","781"
"781","782"

"317","465"
"465","466"
"466","467"
"467","468"
"468","469"
"469","470"
"470","673"
"673","674"
"674","675"
"675","676"
"676","677"
"677","678"
"678","679"
"679","680"
"680","680"
"680","688"
"688","783"
"783","784"
"784","785"
"785","786"
"786","787"
"787","788"

"152","293"
"293","294"
"294","305"
"305","306"
"306","307"
"307","308"
"308","309"
"309","310"
"310","311"
"311","312"
"312","789"
"789","790"
"790","791"
"791","792"
"792","793"

"111","111"
"111","351"
"351","350"
"350","349"
"349","533"
"533","534"
"534","535"
"535","347"
"347","536"
"536","537"
"537","794"
"794","795"
"795","796"
"796","797"
"797","798"
"798","799"
"799","800"
"800","801"
"801","802"
"802","803"
"803","804"
"804","805"
"805","806"
"806","807"
"807","721"

"274","10"
"10","8"
"8","7"
"7","6"
"6","5"
"5","3"
"3","1"
"1","326"
"326","327"
"327","622"
"622","623"
"623","624"
"624","625"
"625","626"
"626","627"
"627","628"
"628","629"
"629","630"
"630","808"
"808","809"
"809","810"
"810","811"
"811","812"
"812","813"
"813","814"
"814","815"
"815","816"
"816","817"
"817","818"
"818","819"
"819","820"
"820","821"

"139","139"
"139","742"
"742","195"
"195","196"
"196","560"
"560","561"
"561","617"
"617","618"
"618","650"
"650","649"
"649","648"
"648","743"
"743","822"
"822","823"
"823","824"
"824","825"
"825","826"
"826","827"
"827","828"
"828","829"
"829","830"
"830","831"
"831","832"
"832","833"
"833","834"
"834","835"
"835","836"
"836","837"
"837","838"
"838","839"

"433","409"
"409","76"
"76","77"
"77","78"
"78","79"
"79","80"
"80","43"
"43","42"
"42","40"
"40","420"
"420","419"
"419","660"
"660","840"
"840","841"
"841","842"
"842","843"
"843","844"
"844","845"
"845","846"
"846","847"
"847","663"

"90","502"
"502","503"
"503","504"
"504","505"
"505","506"
"506","439"
"439","440"
"440","441"
"441","442"
"442","443"
"443","444"
"444","445"
"445","848"
"848","849"
"849","850"
"850","851"
"851","852"
"852","853"
"853","854"
"854","855"
"855","856"
"856","857"
"857","858"
"858","859"
"859","773"
"773","772"
"772","771"

"317","465"
"465","466"
"466","467"
"467","468"
"468","469"
"469","470"
"470","673"
"673","674"
"674","675"
"675","676"
"676","860"
"860","680"
"680","680"
"680","688"
"688","689"
"689","690"
"690","691"
"691","692"
"692","693"
"693","694"
"694","861"
"861","862"
"862","863"
"863","864"

"152","403"
"403","576"
"576","664"
"664","665"
"665","666"
"666","667"
"667","668"
"668","669"
"669","670"
"670","671"
"671","865"
"865","866"
"866","867"
"867","868"
"868","869"
"869","870"
"870","871"

"29","148"
"148","216"
"216","217"
"217","218"
"218","219"
"219","221"
"221","222"
"222","223"
"223","224"
"224","225"
"225","682"
"682","683"
"683","684"
"684","872"
"872","873"
"873","874"
"874","875"
"875","876"
"876","877"
"877","878"
"878","879"
"879","880"
"880","881"
"881","882"
"882","883"
"883","884"
"884","885"
"885","886"
"886","887"
"887","888"
"888","889"
"889","890"
"890","891"
"891","892"
"892","893"
"893","894"
"894","895"

"317","316"
"316","298"
"298","695"
"695","304"
"304","696"
"696","896"
"896","897"
"897","898"
"898","899"
"899","900"
"900","901"
"901","902"
"902","903"
"903","904"

"274","10"
"10","8"
"8","7"
"7","6"
"6","5"
"5","3"
"3","1"
"1","326"
"326","327"
"327","622"
"622","623"
"623","624"
"624","625"
"625","626"
"626","627"
"627","628"
"628","629"
"629","630"
"630","808"
"808","905"
"905","906"
"906","907"
"907","908"
"908","909"
"909","910"
"910","911"

"90","502"
"502","616"
"616","518"
"518","600"
"600","599"
"599","194"
"194","195"
"195","196"
"196","560"
"560","561"
"561","617"
"617","618"
"618","619"
"619","620"
"620","621"
"621","912"
"912","621"
"621","619"
"619","650"
"650","649"
"649","648"
"648","743"
"743","913"
"913","914"
"914","915"
"915","916"
"916","917"
"917","918"
"918","919"
"919","920"
"920","921"

"90","502"
"502","503"
"503","504"
"504","587"
"587","591"
"591","922"
"922","923"
"923","924"
"924","925"
"925","926"
"926","927"
"927","928"
"928","929"
"929","930"
"930","931"
"931","932"
"932","619"
"619","650"
"650","649"
"649","648"
"648","743"
"743","822"
"822","823"
"823","824"

"152","403"
"403","576"
"576","664"
"664","665"
"665","666"
"666","667"
"667","668"
"668","669"
"669","670"
"670","671"
"671","933"
"933","934"
"934","935"
"935","936"
"936","937"
"937","938"
"938","939"
"939","940"
"940","941"

"317","316"
"316","298"
"298","299"
"299","942"
"942","943"
"943","944"
"944","945"
"945","946"
"946","947"
"947","948"
"948","949"
"949","950"
"950","951"
"951","952"
"952","953"
"953","954"
"954","955"
"955","956"
"956","957"
"957","958"
"958","959"
"959","960"
"960","961"
"961","962"
"962","963"
"963","964"
"964","965"

"29","148"
"148","216"
"216","217"
"217","218"
"218","219"
"219","220"
"220","221"
"221","222"
"222","223"
"223","224"
"224","225"
"225","682"
"682","683"
"683","684"
"684","872"
"872","873"
"873","874"
"874","875"
"875","876"
"876","966"
"966","967"
"967","968"
"968","969"
"969","970"
"970","971"

"152","293"
"293","294"
"294","305"
"305","306"
"306","307"
"307","308"
"308","309"
"309","310"
"310","311"
"311","312"
"312","972"

"55","54"
"54","53"
"53","288"
"288","230"
"230","231"
"231","232"
"232","233"
"233","234"
"234","235"
"235","289"
"289","290"
"290","291"
"291","292"
"292","973"
"973","974"
"974","975"
"975","976"

"198","45"
"45","44"
"44","43"
"43","481"
"481","482"
"482","483"
"483","484"
"484","37"
"37","36"
"36","487"
"487","488"
"488","489"
"489","490"
"490","977"
"977","978"
"978","979"
"979","980"
"980","981"
"981","982"

"139","139"
"139","742"
"742","195"
"195","194"
"194","599"
"599","600"
"600","518"
"518","616"
"616","502"
"502","90"
"90","502"
"502","659"
"659","435"
"435","410"
"410","76"
"76","77"
"77","78"
"78","79"
"79","80"
"80","43"
"43","42"
"42","40"
"40","420"
"420","419"
"419","660"
"660","840"
"840","983"
"983","984"
"984","985"
"985","842"
"842","661"
"661","662"
"662","663"

"90","502"
"502","503"
"503","504"
"504","587"
"587","591"
"591","922"
"922","924"
"924","986"
"986","987"
"987","988"
"988","989"
"989","990"
"990","991"
"991","992"
"992","993"
"993","994"
"994","995"
"995","996"
"996","997"

"152","403"
"403","402"
"402","401"
"401","185"
"185","184"
"184","283"
"283","777"
"777","778"
"778","779"
"779","780"
"780","998"

"317","316"
"316","298"
"298","299"
"299","942"
"942","943"
"943","944"
"944","999"
"999","949"
"949","950"
"950","952"
"952","953"
"953","1000"
"1000","1001"
"1001","1002"
"1002","1003"
"1003","1004"
"1004","1005"
"1005","1006"
"1006","1007"
"1007","1008"
"1008","1009"

"29","148"
"148","216"
"216","217"
"217","218"
"218","219"
"219","221"
"221","222"
"222","223"
"223","1010"
"1010","1011"
"1011","1012"
"1012","1013"
"1013","1014"
"1014","1015"
"1015","1016"
"1016","1017"
"1017","1018"
"1018","1019"
"1019","874"
"874","875"
"875","1020"
"1020","1021"
"1021","1022"
"1022","1023"
"1023","1024"
"1024","1025"
"1025","1026"
"1026","1027"
"1027","1028"
"1028","1029"
"1029","1030"
"1030","1031"
"1031","1032"
"1032","1033"
"1033","1034"
"1034","884"

"180","382"
"382","363"
"363","382"
"382","180"
"180","477"
"477","615"
"615","614"
"614","613"
"613","1035"
"1035","1036"
"1036","1037"
"1037","1038"
"1038","1039"

"243","244"
"244","245"
"245","246"
"246","568"
"568","569"
"569","570"
"570","571"
"571","572"
"572","573"
"573","574"
"574","575"
"575","1040"
"1040","575"
"575","1041"
"1041","1042"

"139","139"
"139","742"
"742","195"
"195","196"
"196","560"
"560","561"
"561","617"
"617","618"
"618","619"
"619","620"
"620","621"
"621","1043"
"1043","1044"
"1044","1045"
"1045","1046"
"1046","1047"
"1047","1048"
"1048","1049"
"1049","1050"
"1050","1051"
"1051","1052"
"1052","1053"

"90","502"
"502","503"
"503","504"
"504","587"
"587","591"
"591","922"
"922","1054"
"1054","1055"
"1055","1056"
"1056","1057"
"1057","1058"
"1058","1059"
"1059","1060"
"1060","1061"
"1061","1062"
"1062","1063"
"1063","1064"

"88","187"
"187","185"
"185","184"
"184","283"
"283","777"
"777","778"
"778","779"
"779","780"
"780","1065"
"1065","1066"
"1066","1067"
"1067","1068"
"1068","1069"
"1069","1070"
"1070","1071"
"1071","1072"
"1072","1073"
"1073","1074"
"1074","1075"
"1075","1076"
"1076","1077"

"317","316"
"316","298"
"298","299"
"299","942"
"942","943"
"943","944"
"944","945"
"945","946"
"946","947"
"947","948"
"948","949"
"949","950"
"950","1078"
"1078","1079"
"1079","679"
"679","680"
"680","680"
"680","688"
"688","689"
"689","690"
"690","691"
"691","692"
"692","693"
"693","1080"
"1080","1081"
"1081","1082"
"1082","1083"
"1083","1084"
"1084","1085"

"29","148"
"148","216"
"216","217"
"217","218"
"218","219"
"219","220"
"220","221"
"221","222"
"222","223"
"223","1010"
"1010","1011"
"1011","1012"
"1012","1013"
"1013","1014"
"1014","1015"
"1015","1016"
"1016","1086"
"1086","1087"
"1087","1088"
"1088","1089"
"1089","969"
"969","970"
"970","1090"
"1090","1091"
"1091","1092"
"1092","1093"
"1093","1094"
"1094","1095"
"1095","1096"
"1096","1097"
"1097","1096"
"1096","1098"
"1098","1099"
"1099","1100"
"1100","1101"
"1101","882"

"180","382"
"382","363"
"363","382"
"382","180"
"180","477"
"477","615"
"615","614"
"614","613"
"613","1035"
"1035","1036"
"1036","1037"
"1037","1102"
"1102","1103"
"1103","1104"
"1104","1105"
"1105","1106"
"1106","1107"
"1107","1108"
"1108","1109"
"1109","1110"
"1110","1111"
"1111","1112"
"1112","1113"
"1113","1114"
"1114","1115"
"1115","1116"
"1116","1117"
"1117","1118"
"1118","1117"
"1117","1116"
"1116","1119"
"1119","1120"
"1120","1121"

"139","139"
"139","742"
"742","195"
"195","196"
"196","560"
"560","561"
"561","617"
"617","618"
"618","650"
"650","649"
"649","648"
"648","743"
"743","744"
"744","745"
"745","1122"
"1122","1123"
"1123","1124"
"1124","1125"
"1125","1126"
"1126","1127"
"1127","1128"
"1128","1129"
"1129","1130"
"1130","1131"
"1131","1132"
"1132","1133"
"1133","1134"
"1134","1135"
"1135","1136"

"90","502"
"502","503"
"503","504"
"504","505"
"505","506"
"506","439"
"439","440"
"440","1137"
"1137","1138"
"1138","1139"
"1139","1140"
"1140","1141"
"1141","1142"
"1142","1143"
"1143","1144"
"1144","1145"

"152","403"
"403","402"
"402","447"
"447","448"
"448","449"
"449","286"
"286","287"
"287","1146"
"1146","1147"
"1147","1148"
"1148","1149"
"1149","669"
"669","670"
"670","671"
"671","933"
"933","934"
"934","935"
"935","1150"
"1150","1151"
"1151","1152"
"1152","1153"
"1153","1154"
"1154","1155"
"1155","1156"
"1156","1157"
"1157","1158"

"317","316"
"316","298"
"298","299"
"299","942"
"942","943"
"943","944"
"944","999"
"999","1159"
"1159","1160"
"1160","1161"
"1161","1162"
"1162","1163"
"1163","1162"
"1162","1161"
"1161","1164"
"1164","1002"
"1002","1165"
"1165","1002"
"1002","1003"
"1003","1004"
"1004","1005"
"1005","1166"

"29","148"
"148","216"
"216","217"
"217","218"
"218","219"
"219","221"
"221","222"
"222","223"
"223","224"
"224","225"
"225","682"
"682","683"
"683","684"
"684","1167"
"1167","1168"
"1168","1169"
"1169","1170"
"1170","1171"
"1171","1172"
"1172","1173"
"1173","1174"
"1174","1175"
"1175","1176"
"1176","1177"
"1177","1178"
"1178","1179"
"1179","1180"
"1180","1181"
"1181","1182"
"1182","1183"
"1183","1184"
"1184","1185"
"1185","1186"
"1186","1187"
"1187","1188"

"180","382"
"382","363"
"363","382"
"382","180"
"180","477"
"477","615"
"615","614"
"614","613"
"613","1035"
"1035","1036"
"1036","1037"
"1037","1038"
"1038","1039"
"1039","1189"
"1189","1190"
"1190","1191"
"1191","1192"
"1192","1193"

"1194","619"
"619","650"
"650","649"
"649","648"
"648","743"
"743","744"
"744","745"
"745","1122"
"1122","1123"
"1123","1124"
"1124","1195"
"1195","1196"
"1196","1197"
"1197","1198"
"1198","1199"
"1199","748"
"748","749"
"749","750"
"750","751"
"751","1200"

"90","502"
"502","503"
"503","504"
"504","587"
"587","591"
"591","922"
"922","924"
"924","986"
"986","987"
"987","988"
"988","1201"
"1201","1202"
"1202","1203"
"1203","1204"
"1204","1205"
"1205","1206"

"88","187"
"187","185"
"185","184"
"184","283"
"283","777"
"777","778"
"778","779"
"779","780"
"780","1065"
"1065","1066"
"1066","1110"
"1110","1111"
"1111","1072"
"1072","1207"
"1207","1208"
"1208","1209"
"1209","1076"
"1076","1077"
"1077","1210"
"1210","1211"
"1211","1212"
"1212","1213"
"1213","1214"
"1214","1215"

"317","316"
"316","298"
"298","299"
"299","942"
"942","943"
"943","944"
"944","999"
"999","1159"
"1159","1160"
"1160","1161"
"1161","1164"
"1164","1002"
"1002","1165"
"1165","1002"
"1002","1216"
"1216","1217"
"1217","1218"
"1218","1219"
"1219","1220"
"1220","1221"
"1221","1222"
"1222","1223"
"1223","1224"
"1224","1225"
"1225","962"
"962","1226"
"1226","1227"
"1227","1228"
"1228","1229"
"1229","1230"
"1230","1231"
"1231","1232"
"1232","1233"
"1233","1234"
"1234","1235"
"1235","961"
"961","963"
"963","964"
"964","1236"
"1236","1237"
"1237","1238"
"1238","1239"
"1239","1240"

"88","187"
"187","185"
"185","184"
"184","283"
"283","777"
"777","778"
"778","779"
"779","780"
"780","998"
"998","1241"
"1241","1242"
"1242","1065"
"1065","1066"
"1066","1067"
"1067","1068"
"1068","1069"
"1069","1070"
"1070","1243"
"1243","1244"
"1244","871"
"871","870"
"870","1245"
"1245","1246"
"1246","1247"
"1247","1248"
"1248","1249"

"139","139"
"139","742"
"742","195"
"195","196"
"196","560"
"560","561"
"561","617"
"617","618"
"618","619"
"619","620"
"620","621"

"90","502"
"502","503"
"503","504"
"504","587"
"587","591"
"591","922"
"922","924"
"924","986"
"986","987"
"987","1250"
"1250","1202"
"1202","1203"
"1203","1204"
"1204","1251"
"1251","1252"
"1252","770"
"770","771"
"771","772"
"772","773"
"773","859"
"859","858"
"858","857"
"857","856"
"856","855"
"855","854"
"854","853"
"853","852"

"152","403"
"403","402"
"402","447"
"447","448"
"448","449"
"449","286"
"286","287"
"287","1146"
"1146","1147"

"281","52"
"52","88"
"88","459"
"459","68"
"68","556"
"556","428"
"428","429"
"429","430"
"430","159"
"159","160"
"160","161"
"161","162"
"162","163"
"163","164"
"164","165"
"165","166"
"166","167"
"167","525"
"525","526"
"526","527"
"527","1253"
"1253","1254"
"1254","1255"
"1255","687"

"152","403"
"403","576"
"576","664"
"664","665"
"665","666"
"666","667"
"667","668"
"668","669"
"669","1149"
"1149","1148"
"1148","1256"
"1256","1241"
"1241","998"
"998","780"
"780","1257"
"1257","1258"
"1258","1259"
"1259","1260"
"1260","1261"
"1261","1262"
"1262","1263"

"198","45"
"45","44"
"44","43"
"43","40"
"40","420"
"420","661"
"661","663"
"663","1264"
"1264","1265"
"1265","1266"
"1266","1267"
"1267","1268"
"1268","1269"
"1269","1270"
"1270","1271"
"1271","1272"
"1272","1273"
"1273","1274"
"1274","1275"
"1275","807"
"807","721"

"51","30"
"30","128"
"128","129"
"129","27"
"27","352"
"352","96"
"96","495"
"495","43"
"43","40"
"40","420"
"420","661"
"661","1276"
"1276","846"
"846","1277"
"1277","1278"

"51","52"
"52","188"
"188","187"
"187","186"
"186","185"
"185","184"
"184","183"
"183","610"
"610","182"
"182","181"
"181","180"
"180","180"

"215","129"
"129","27"
"27","28"
"28","29"
"29","148"
"148","216"
"216","217"
"217","218"
"218","219"

"171","226"
"226","227"
"227","7"
"7","6"
"6","5"
"5","318"
"318","319"
"319","320"
"320","321"
"321","322"
"322","323"
"323","324"
"324","325"
"325","3"
"3","1"
"1","1279"
"1279","328"
"328","1280"
"1280","328"
"328","329"

"150","125"
"125","125"
"125","352"
"352","27"
"27","129"
"129","128"
"128","30"
"30","31"
"31","32"
"32","33"
"33","66"
"66","353"
"353","354"
"354","355"
"355","365"
"365","381"
"381","380"
"380","63"

"51","52"
"52","188"
"188","187"
"187","186"
"186","383"
"383","384"
"384","364"
"364","365"
"365","364"
"364","363"
"363","362"
"362","361"
"361","360"
"360","332"
"332","385"

"274","478"
"478","479"
"479","334"
"334","333"
"333","332"
"332","360"
"360","361"
"361","362"
"362","363"
"363","363"
"363","458"
"458","184"
"184","185"
"185","186"
"186","187"
"187","188"
"188","88"
"88","459"
"459","68"
"68","460"
"460","461"
"461","157"
"157","462"
"462","463"
"463","464"
"464","316"
"316","75"
"75","317"
"317","465"
"465","466"
"466","467"
"467","468"
"468","469"
"469","470"

"90","502"
"502","616"
"616","518"
"518","517"
"517","515"
"515","516"
"516","515"
"515","514"
"514","1281"

"281","34"
"34","66"
"66","354"
"354","355"
"355","365"
"365","364"
"364","363"
"363","362"
"362","361"
"361","457"
"457","456"
"456","98"

"55","56"
"56","226"
"226","227"
"227","7"
"7","336"
"336","103"
"103","334"
"334","332"
"332","539"
"539","364"
"364","354"
"354","66"
"66","34"
"34","52"
"52","88"
"88","68"
"68","460"
"460","157"
"157","462"
"462","464"
"464","316"
"316","298"

"57","127"
"127","104"
"104","333"
"333","332"
"332","539"
"539","365"
"365","354"
"354","66"
"66","32"
"32","30"
"30","128"
"128","129"

"579","1282"
"1282","419"
"419","420"
"420","40"
"40","42"
"42","43"
"43","96"
"96","125"
"125","27"
"27","129"
"129","556"
"556","68"
"68","88"
"88","187"
"187","186"
"186","185"
"185","401"
"401","447"
"447","448"
"448","558"

"433","1283"
"1283","407"
"407","406"
"406","94"
"94","82"
"82","83"
"83","26"
"26","128"
"128","129"

"55","56"
"56","226"
"226","127"
"127","8"
"8","104"
"104","334"
"334","332"
"332","401"
"401","402"
"402","576"
"576","577"
"577","578"
"578","297"
"297","298"
"298","316"
"316","317"

"673","469"
"469","468"
"468","467"
"467","466"
"466","465"
"465","317"
"317","75"
"75","464"
"464","463"
"463","462"
"462","157"
"157","1284"
"1284","460"
"460","556"
"556","129"
"129","128"
"128","30"
"30","31"
"31","32"
"32","33"
"33","66"
"66","354"
"354","355"
"355","365"
"365","364"
"364","363"
"363","362"
"362","361"
"361","457"
"457","456"
"456","98"
"98","99"
"99","100"
"100","101"
"101","102"
"102","103"
"103","335"
"335","336"
"336","7"
"7","227"
"227","226"

"377","378"
"378","351"
"351","111"
"111","369"
"369","368"
"368","109"
"109","108"
"108","107"
"107","106"
"106","1285"
"1285","21"
"21","66"
"66","33"
"33","32"
"32","31"
"31","30"
"30","128"
"128","129"
"129","27"
"27","28"
"28","29"
"29","148"
"148","216"
"216","217"
"217","218"
"218","219"
"219","220"
"220","221"
"221","222"
"222","223"
"223","224"
"224","225"

"274","478"
"478","479"
"479","334"
"334","333"
"333","332"
"332","539"
"539","364"
"364","384"
"384","383"
"383","540"
"540","186"
"186","187"
"187","188"
"188","52"
"52","51"
"51","32"
"32","31"
"31","88"
"88","459"
"459","68"
"68","556"
"556","129"
"129","27"
"27","352"
"352","125"
"125","498"
"498","96"
"96","95"
"95","94"
"94","114"
"114","115"
"115","116"
"116","189"
"189","190"
"190","191"
"191","192"
"192","193"
"193","599"
"599","600"
"600","517"
"517","515"

"180","181"
"181","182"
"182","183"
"183","184"
"184","185"
"185","186"
"186","187"
"187","188"
"188","52"
"52","51"
"51","32"
"32","24"
"24","23"
"23","84"
"84","125"
"125","498"
"498","96"
"96","555"
"555","554"
"554","201"
"201","202"
"202","78"
"78","77"
"77","76"
"76","410"
"410","434"
"434","435"
"435","659"
"659","502"

"98","99"
"99","330"
"330","332"
"332","360"
"360","361"
"361","362"
"362","363"
"363","363"
"363","364"
"364","365"
"365","355"
"355","354"
"354","366"
"366","66"
"66","33"
"33","32"
"32","31"
"31","30"
"30","128"
"128","129"
"129","460"
"460","461"
"461","157"

"87","88"
"88","1286"
"1286","405"
"405","153"
"153","152"
"152","403"
"403","402"
"402","447"
"447","448"
"448","449"
"449","285"
"285","284"
"284","283"
"283","450"

"171","57"
"57","144"
"144","143"
"143","340"
"340","56"
"56","55"
"55","54"
"54","53"
"53","3"
"3","1"
"1","480"
"480","324"
"324","323"
"323","322"
"322","321"
"321","320"
"320","319"
"319","6"
"6","7"

"47","47"
"47","45"
"45","44"
"44","43"
"43","481"
"481","482"
"482","483"
"483","484"
"484","485"
"485","486"
"486","487"
"487","488"
"488","373"

"57","58"
"58","10"
"10","11"
"11","12"
"12","13"
"13","14"
"14","16"
"16","17"
"17","19"
"19","21"
"21","66"
"66","33"
"33","32"
"32","24"
"24","23"
"23","84"
"84","125"
"125","124"
"124","123"
"123","122"
"122","121"
"121","115"
"115","116"
"116","117"
"117","118"
"118","119"
"119","120"

"147","135"
"135","134"
"134","102"
"102","103"
"103","104"
"104","8"
"8","9"
"9","10"
"10","59"
"59","60"
"60","61"
"61","63"
"63","64"
"64","66"
"66","33"
"33","32"
"32","31"
"31","30"
"30","67"
"67","68"
"68","69"
"69","70"
"70","71"
"71","72"
"72","73"
"73","75"

"36","37"
"37","38"
"38","39"
"39","40"
"40","42"
"42","43"
"43","44"
"44","45"
"45","46"
"46","47"
"47","48"
"48","49"
"49","50"
"50","23"
"23","24"
"24","25"
"25","26"
"26","30"
"30","31"
"31","32"
"32","51"
"51","52"
"52","88"
"88","1286"
"1286","405"

"152","153"
"153","405"
"405","1286"
"1286","88"
"88","52"

"55","55"
"55","133"
"133","141"
"141","141"
"141","714"
"714","715"
"715","716"
"716","601"

"281","32"
"32","31"
"31","30"
"30","128"
"128","428"
"428","429"
"429","430"
"430","159"
"159","160"
"160","161"
"161","162"
"162","163"
"163","164"
"164","165"
"165","166"
"166","167"
"167","525"
"525","526"
"526","527"
"527","1253"
"1253","1254"
"1254","1255"
"1255","687"

"139","139"
"139","742"
"742","195"
"195","196"
"196","560"
"560","561"
"561","617"
"617","618"
"618","619"
"619","620"
"620","621"

"531","501"
"501","500"
"500","305"
"305","294"
"294","295"
"295","296"
"296","387"
"387","155"
"155","389"
"389","390"
"390","88"
"88","52"
"52","51"
"51","32"
"32","24"
"24","23"
"23","84"
"84","83"
"83","82"
"82","97"
"97","96"
"96","497"
"497","495"
"495","494"
"494","493"
"493","43"
"43","80"
"80","79"
"79","203"
"203","204"
"204","205"
"205","206"
"206","415"
"415","416"
"416","417"
"417","418"
"418","419"
"419","660"
"660","661"
"661","662"
"662","663"

"94","90"
"90","502"
"502","503"
"503","504"
"504","505"
"505","506"
"506","439"
"439","440"
"440","441"
"441","442"
"442","443"
"443","444"
"444","445"
"445","763"
"763","764"
"764","765"
"765","766"
"766","767"
"767","768"
"768","769"

